-- phpMyAdmin SQL Dump
-- version 4.6.4
-- https://www.phpmyadmin.net/
--
-- Client :  127.0.0.1
-- Généré le :  Jeu 13 Avril 2017 à 20:38
-- Version du serveur :  5.7.14
-- Version de PHP :  5.6.25

SET SQL_MODE = "NO_AUTO_VALUE_ON_ZERO";
SET time_zone = "+00:00";


/*!40101 SET @OLD_CHARACTER_SET_CLIENT=@@CHARACTER_SET_CLIENT */;
/*!40101 SET @OLD_CHARACTER_SET_RESULTS=@@CHARACTER_SET_RESULTS */;
/*!40101 SET @OLD_COLLATION_CONNECTION=@@COLLATION_CONNECTION */;
/*!40101 SET NAMES utf8mb4 */;

--
-- Base de données :  `site`
--
CREATE DATABASE IF NOT EXISTS `site` DEFAULT CHARACTER SET latin1 COLLATE latin1_swedish_ci;
USE `site`;

-- --------------------------------------------------------

--
-- Structure de la table `commande`
--

CREATE TABLE `commande` (
  `id_commande` int(3) NOT NULL,
  `id_membre` int(3) DEFAULT NULL,
  `montant` int(3) NOT NULL,
  `date_enregistrement` datetime NOT NULL,
  `etat` enum('en cours de traitement','envoyé','livré') NOT NULL
) ENGINE=InnoDB DEFAULT CHARSET=latin1;

--
-- Contenu de la table `commande`
--

INSERT INTO `commande` (`id_commande`, `id_membre`, `montant`, `date_enregistrement`, `etat`) VALUES
(1, 4, 301, '2015-07-10 14:44:46', 'en cours de traitement'),
(2, 5, 455, '2017-04-13 22:03:19', 'en cours de traitement'),
(3, 5, 49, '2017-04-13 22:04:51', 'en cours de traitement'),
(4, 5, 79, '2017-04-13 22:06:11', 'en cours de traitement'),
(5, 5, 0, '2017-04-13 22:08:42', 'en cours de traitement'),
(6, 5, 0, '2017-04-13 22:09:01', 'en cours de traitement'),
(7, 5, 0, '2017-04-13 22:10:48', 'en cours de traitement'),
(8, 5, 79, '2017-04-13 22:11:01', 'en cours de traitement'),
(9, 5, 79, '2017-04-13 22:12:16', 'en cours de traitement'),
(10, 1, 79, '2017-04-13 22:12:36', 'en cours de traitement'),
(11, 1, 49, '2017-04-13 22:13:27', 'en cours de traitement'),
(12, 1, 49, '2017-04-13 22:16:03', 'en cours de traitement'),
(13, 1, 49, '2017-04-13 22:16:46', 'en cours de traitement'),
(14, 1, 49, '2017-04-13 22:18:09', 'en cours de traitement'),
(15, 1, 49, '2017-04-13 22:29:53', 'en cours de traitement');

-- --------------------------------------------------------

--
-- Structure de la table `details_commande`
--

CREATE TABLE `details_commande` (
  `id_details_commande` int(3) NOT NULL,
  `id_commande` int(3) DEFAULT NULL,
  `id_produit` int(3) DEFAULT NULL,
  `quantite` int(3) NOT NULL,
  `prix` int(3) NOT NULL
) ENGINE=InnoDB DEFAULT CHARSET=latin1;

--
-- Contenu de la table `details_commande`
--

INSERT INTO `details_commande` (`id_details_commande`, `id_commande`, `id_produit`, `quantite`, `prix`) VALUES
(1, 1, 2, 1, 15),
(2, 1, 6, 1, 49),
(3, 1, 8, 3, 79),
(4, 2, 1, 3, 20),
(5, 2, 8, 5, 79),
(6, 3, 6, 1, 49),
(7, 4, 8, 1, 79),
(8, 8, 8, 1, 79),
(9, 9, 8, 1, 79),
(10, 10, 8, 1, 79),
(11, 11, 6, 1, 49),
(12, 12, 6, 1, 49),
(13, 13, 6, 1, 49),
(14, 14, 6, 1, 49),
(15, 15, 6, 1, 49);

-- --------------------------------------------------------

--
-- Structure de la table `membre`
--

CREATE TABLE `membre` (
  `id_membre` int(3) NOT NULL,
  `pseudo` varchar(20) NOT NULL,
  `mdp` varchar(32) NOT NULL,
  `nom` varchar(20) NOT NULL,
  `prenom` varchar(20) NOT NULL,
  `email` varchar(50) NOT NULL,
  `civilite` enum('m','f') NOT NULL,
  `ville` varchar(20) NOT NULL,
  `code_postal` int(5) UNSIGNED ZEROFILL NOT NULL,
  `adresse` varchar(50) NOT NULL,
  `statut` int(1) NOT NULL DEFAULT '0'
) ENGINE=InnoDB DEFAULT CHARSET=latin1;

--
-- Contenu de la table `membre`
--

INSERT INTO `membre` (`id_membre`, `pseudo`, `mdp`, `nom`, `prenom`, `email`, `civilite`, `ville`, `code_postal`, `adresse`, `statut`) VALUES
(1, 'juju', 'soleil', 'Cottet', 'Julien', 'julien.cottet@gmail.com', 'm', 'Marseille', 13010, '300 rue de la chance', 0),
(2, 'lamarie', 'planete', 'thoyer', 'marie', 'marie.thoyer@yahoo.fr', 'f', 'Lyon', 69003, '10 rue paul bert', 0),
(3, 'fab', 'avatar13', 'grand', 'fabrice', 'fabrice.grand@gmail.com', 'm', 'Marseille', 13009, '70 rue de la république', 0),
(4, 'membre', 'membre', 'membre', 'membre', 'membre@exemple.com', 'f', 'Toulouse', 31000, '55 rue bayard', 0),
(5, 'admin', 'admin', 'admin', 'admin', 'rodziape@gmail.com', 'm', 'Marseille', 13008, '502 avenue couscous', 1);

-- --------------------------------------------------------

--
-- Structure de la table `produit`
--

CREATE TABLE `produit` (
  `id_produit` int(3) NOT NULL,
  `reference` varchar(20) NOT NULL,
  `categorie` varchar(20) NOT NULL,
  `titre` varchar(100) NOT NULL,
  `description` text NOT NULL,
  `couleur` varchar(20) NOT NULL,
  `taille` varchar(5) NOT NULL,
  `public` enum('m','f','mixte') NOT NULL,
  `photo` varchar(250) NOT NULL,
  `prix` int(3) NOT NULL,
  `stock` int(3) NOT NULL
) ENGINE=InnoDB DEFAULT CHARSET=latin1;

--
-- Contenu de la table `produit`
--

INSERT INTO `produit` (`id_produit`, `reference`, `categorie`, `titre`, `description`, `couleur`, `taille`, `public`, `photo`, `prix`, `stock`) VALUES
(1, '11-d-23', 'tshirt', 'Tshirt Col V', 'Tee-shirt en coton flammé liseré contrastant', 'bleu', 'M', 'm', '/SitePhpTestMVC/sitePhp/photo/11-d-23_bleu.jpg', 20, 53),
(2, '66-f-15', 'tshirt', 'Tshirt Col V rouge', 'c\'est vraiment un super tshirt en soir&eacute;e !', 'rouge', 'L', 'm', '/SitePhpTestMVC/sitePhp/photo/66-f-15_rouge.png', 15, 230),
(3, '88-g-77', 'tshirt', 'Tshirt Col rond vert', 'Il vous faut ce tshirt Made In France !!!', 'vert', 'L', 'm', '/SitePhpTestMVC/sitePhp/photo/88-g-77_vert.png', 29, 63),
(4, '55-b-38', 'tshirt', 'Tshirt jaune', 'le jaune reviens &agrave; la mode, non? :-)', 'jaune', 'S', 'm', '/SitePhpTestMVC/sitePhp/photo/55-b-38_jaune.png', 20, 3),
(5, '31-p-33', 'tshirt', 'Tshirt noir original', 'voici un tshirt noir tr&egrave;s original :p', 'noir', 'XL', 'm', '/SitePhpTestMVC/sitePhp/photo/31-p-33_noir.jpg', 25, 80),
(6, '56-a-65', 'chemise', 'Chemise Blanche', 'Les chemises c\'est bien mieux que les tshirts', 'blanc', 'L', 'm', '/SitePhpTestMVC/sitePhp/photo/56-a-65_chemiseblanchem.jpg', 49, 73),
(7, '63-s-63', 'chemise', 'Chemise Noir', 'Comme vous pouvez le voir c\'est une chemise noir...', 'noir', 'M', 'm', '/SitePhpTestMVC/sitePhp/photo/63-s-63_chemisenoirm.jpg', 59, 120),
(8, '77-p-79', 'pull', 'Pull gris', 'Pull gris pour l\'hiver', 'gris', 'XL', 'f', '/SitePhpTestMVC/sitePhp/photo/77-p-79_pullgrism2.jpg', 79, 99);

--
-- Index pour les tables exportées
--

--
-- Index pour la table `commande`
--
ALTER TABLE `commande`
  ADD PRIMARY KEY (`id_commande`);

--
-- Index pour la table `details_commande`
--
ALTER TABLE `details_commande`
  ADD PRIMARY KEY (`id_details_commande`);

--
-- Index pour la table `membre`
--
ALTER TABLE `membre`
  ADD PRIMARY KEY (`id_membre`),
  ADD UNIQUE KEY `pseudo` (`pseudo`);

--
-- Index pour la table `produit`
--
ALTER TABLE `produit`
  ADD PRIMARY KEY (`id_produit`),
  ADD UNIQUE KEY `reference` (`reference`);

--
-- AUTO_INCREMENT pour les tables exportées
--

--
-- AUTO_INCREMENT pour la table `commande`
--
ALTER TABLE `commande`
  MODIFY `id_commande` int(3) NOT NULL AUTO_INCREMENT, AUTO_INCREMENT=16;
--
-- AUTO_INCREMENT pour la table `details_commande`
--
ALTER TABLE `details_commande`
  MODIFY `id_details_commande` int(3) NOT NULL AUTO_INCREMENT, AUTO_INCREMENT=16;
--
-- AUTO_INCREMENT pour la table `membre`
--
ALTER TABLE `membre`
  MODIFY `id_membre` int(3) NOT NULL AUTO_INCREMENT, AUTO_INCREMENT=6;
--
-- AUTO_INCREMENT pour la table `produit`
--
ALTER TABLE `produit`
  MODIFY `id_produit` int(3) NOT NULL AUTO_INCREMENT, AUTO_INCREMENT=9;
/*!40101 SET CHARACTER_SET_CLIENT=@OLD_CHARACTER_SET_CLIENT */;
/*!40101 SET CHARACTER_SET_RESULTS=@OLD_CHARACTER_SET_RESULTS */;
/*!40101 SET COLLATION_CONNECTION=@OLD_COLLATION_CONNECTION */;
